,title,addr,score
0,광고버터램,서울 송파구 충민로 81-9 1층,4.5
1,다운타우너 잠실,서울 송파구 백제고분로45길 3 1층,4.0
2,갓잇 송리단길점,서울 송파구 백제고분로45길 4-14 트리비유 1층,3.9
3,청와옥 본점,서울 송파구 위례성대로 48,3.6
4,라라브레드 송파점,서울 송파구 오금로16길 4,3.9
5,해주냉면,서울 송파구 백제고분로7길 8-16 1층,3.3
6,별미곱창 본점,서울 송파구 오금로11길 14,4.3
7,고도식,서울 송파구 백제고분로45길 28,3.8
8,청와옥 석촌호수직영점,서울 송파구 삼학사로 96,3.3
9,몽중헌 방이점,"서울 송파구 위례성대로 10 S타워 20, 21층",4.2
10,명인밥상,서울 송파구 송이로 157,3.1
11,잠수교집 3호점,서울 송파구 송파대로49길 51,3.6
12,봉피양 방이점 본관,서울 송파구 양재대로71길 5,3.7
13,엘리스리틀이태리,서울 송파구 백제고분로41길 43-21 1층,4.2
14,단디 송리단길본점,서울 송파구 백제고분로45길 7 1층,3.6
15,함경도찹쌀순대,서울 송파구 송파대로28길 32,3.8
16,배키욘방,서울 송파구 올림픽로32길 22-23 1층,3.2
17,평이담백 뼈칼국수 방이점,서울 송파구 위례성대로18길 31-12,4.5
18,오레노라멘 송파점,서울 송파구 백제고분로45길 17-3 1층 102호,4.6
19,툇마루밥상,서울 송파구 송파대로22길 11,3.6
20,오향가 가락본점,서울 송파구 송이로 106,4.0
21,군산오징어 잠실본점,서울 송파구 삼학사로 101 세준빌딩 1~3층,3.1
22,마싯내,서울 송파구 석촌호수로18길 7 수정빌딩 1층 102호,4.3
23,이성원쉐프의 청년감자탕순대국 방이동본점,서울 송파구 오금로19길 5,3.8
24,산들해 송파점,서울 송파구 위례성대로 6 현대토픽스 2층,3.1
25,제주오겹살왕돌구이집 방이동본점,서울 송파구 오금로15길 9-12,3.3
26,오복수산,서울 송파구 백제고분로45길 17-3 1층,3.4
27,온량,서울 송파구 백제고분로43길 4 은혜빌딩 1층,4.2
28,뉴질랜드스토리,서울 송파구 석촌호수로 268 경남레이크파크 1층,3.8
29,애슐리퀸즈 잠실롯데캐슬점,서울 송파구 올림픽로 269 지하1층,3.0
30,삿뽀로 방이점,서울 송파구 오금로11길 7 제이타워빌딩 2층,3.6
31,멘야하나비 서울본점,서울 송파구 백제고분로45길 38 1층,3.8
32,서울리즘,"서울 송파구 백제고분로 435 예스빌딩 1,6층",2.3
33,벨라스가든,서울 송파구 백제고분로41길 42-19,3.8
34,도요스6가,서울 송파구 백제고분로45길 40 트윈레이크팰리스빌 1층,4.6
35,일일향 잠실점,서울 송파구 석촌호수로 290,2.9
36,프레드릭베이커리,서울 송파구 오금로 137 1층,3.7
37,냠냠물고기,서울 송파구 송파대로30길 41-21 1층,3.8
38,늘푸른목장 잠실본점,서울 송파구 백제고분로9길 34,4.0
39,프로퍼커피바,서울 송파구 위례성대로22길 6 유진빌딩 1층,3.4
40,오린지,서울 송파구 송파대로48길 19 1층,4.0
41,대게나라 잠실본점,서울 송파구 오금로 165 1층,4.3
42,빠레뜨한남 석촌호수점,서울 송파구 오금로16길 10 1층,4.0
43,더베네치아,서울 송파구 올림픽로35다길 42 루터회관 3층,3.5
44,부일갈매기,서울 송파구 삼전로13길 4,4.2
45,제주은희네해장국 잠실직영점,서울 송파구 송파대로49길 10 1층,3.6
46,징기스 서울방이점,서울 송파구 올림픽로32길 33,3.6
47,젠젠 잠실점,서울 송파구 백제고분로45길 34 동방빌딩 2층,3.3
48,뷰클랜드,서울 송파구 백제고분로43길 10 1층,4.4
49,청화초밥,서울 송파구 오금로13길 14 1층,3.7
50,주은감자탕,서울 송파구 삼학사로 71 1층,2.5
51,서정적살롱,서울 송파구 석촌호수로 274,2.2
52,앙떼띠 잠실점,"서울 송파구 올림픽로 342 형인타워 1, 2층",4.0
53,바이킹스워프 롯데월드몰점,서울 송파구 올림픽로 300 롯데월드몰 4층,3.5
54,취영루 송파점,서울 송파구 송이로 162,3.8
55,방이샤브샤브칼국수 방이본점,서울 송파구 오금로31길 42,4.3
56,르빵 석촌점,서울 송파구 백제고분로41길 12,3.1
57,미엔아이 송파점,서울 송파구 오금로16길 5 1층 101호,4.2
58,서두산딤섬만두,서울 송파구 올림픽로32길 52 소은빌딩 1층 102호,3.8
59,육화식당,"서울 송파구 올림픽로32길 29 1,2층",4.3
60,골목떡볶이,서울 송파구 문정로1길 33,3.3
61,장칼집,서울 송파구 가락로6길 3,3.7
62,팔각동,서울 송파구 오금로17길 6 1층,4.0
63,피자네버슬립스,서울 송파구 백제고분로45길 6,3.9
64,진성한우곱창,서울 송파구 송파대로28길 27,3.2
65,오사카하루,서울 송파구 올림픽로32길 19-15,3.6
66,오쓰세이로무시,서울 송파구 백제고분로45길 30 1층 1호,3.4
67,청국장과보리밥 잠실점,서울 송파구 백제고분로20길 4,4.5
68,황도바지락칼국수,서울 송파구 백제고분로 358,3.6
69,필녀의한정식,서울 송파구 동남로 308,3.2
70,미자식당,서울 송파구 오금로18길 14,2.4
71,비와별닭갈비 잠실직영점,"서울 송파구 삼학사로 100 1, 2층",4.3
72,몬스타쉐프의 무한곱창,서울 송파구 올림픽로32길 22-13 동도빌딩 1층,2.0
73,피제리아라고,서울 송파구 백제고분로41길 39,4.4
74,콘메,서울 송파구 백제고분로42길 6-30 1층,4.4
75,송쉐프 석촌점,"서울 송파구 백제고분로 357 1,2층",2.6
76,본가설렁탕,서울 송파구 석촌호수로 204,3.2
77,홈수끼,서울 송파구 위례성대로 134,3.7
78,조선화로집 방이점,서울 송파구 오금로11길 10 1층,2.7
79,야끼소바 니주마루,서울 송파구 백제고분로41길 21 1층,4.5
80,차만다,서울 송파구 오금로18길 6 106호,4.1
81,레어마카롱 잠실점,서울 송파구 오금로 126,4.6
82,할머니 포장마차멸치국수,서울 송파구 오금로11길 59,3.7
83,돈까스의집,서울 송파구 삼전로 100 아카데미빌딩 1층,2.8
84,러반로제레스토랑 석촌호수점,서울 송파구 석촌호수로 274 씨엠빌딩 8층,4.3
85,소담정,서울 송파구 올림픽로32길 22-22,4.4
86,스시산,서울 송파구 석촌호수로 118 청호빌딩 2층,3.7
87,롯데호텔월드 라세느,서울 송파구 올림픽로 240 롯데호텔월드2층,3.6
88,밀회관 잠실새내점,서울 송파구 백제고분로9길 54,4.5
89,코벤트가든 올림픽공원점,서울 송파구 위례성대로 128 정화빌딩1층,3.3
90,풍년뼈다귀해장국,서울 송파구 가락로 94,3.2
91,화덕고깃간 신천본점,서울 송파구 백제고분로9길 23 1층,3.5
92,무한소 신천본점,서울 송파구 백제고분로9길 25,2.3
93,수원집,서울 송파구 송파대로 108,3.6
94,얼터너티브 커피로스터스,서울 송파구 백제고분로46길 26-1 신화빌딩 1층,3.8
95,카페이클립스,서울 송파구 송파대로49길 52 나인파크A 201호,4.1
96,디트로네 잠실점,서울 송파구 석촌호수로 258 아르누보팰리스 105호,3.3
97,프레스,서울 송파구 백제고분로45길 17-3 4층,3.4
98,지금보고싶다 방이점,서울 송파구 오금로11길 12 2층,3.5
99,송파감자국,서울 송파구 가락로 82 1층,4.6
100,명가원설농탕 석촌호수점,서울 송파구 오금로 105 덕림빌딩 1층,4.1
101,테이스티버거 2호점,서울 송파구 송파대로49길 50,4.1
102,에브리데이몬데이,서울 송파구 송파대로48길 14,4.3
103,한아람,서울 송파구 위례성대로 34 지산빌딩 2층,4.1
104,본가진미간장게장,서울 송파구 백제고분로 420 1층,3.6
105,평양만두한상,서울 송파구 양재대로71길 28-22 1층,4.5
106,강남면옥 신천점,"서울 송파구 올림픽로8길 21 성지빌딩 1,2층",1.8
107,돈블랑 석촌호수점,서울 송파구 석촌호수로 296 1층,4.3
108,진대감 방이점,서울 송파구 오금로13길 6 1층,3.4
109,카페노티드 잠실,서울 송파구 백제고분로45길 3 2층,3.1
110,부부횟집 서울점,서울 송파구 오금로18길 4,3.3
111,화포식당 가락점,서울 송파구 송파대로30길 11,4.5
112,꼬앙드파리,서울 송파구 마천로7길 18 1층,4.0
113,을밀대 잠실점,서울 송파구 오금로15길 7-13,3.5
114,위커파크,서울 송파구 석촌호수로 298 잠실대우레이크월드 103-1호,3.9
115,피치그레이,서울 송파구 가락로21길 14-1 1층,4.0
116,책발전소 위례,서울 송파구 위례광장로 230 C동 2층,2.6
117,태,서울 송파구 오금로11길 23,5.0
118,가락골마산아구찜,서울 송파구 송이로19길 3,3.8
119,역전할머니맥주 서울신천점,서울 송파구 올림픽로10길 16 1층,3.5
120,스시작,서울 송파구 양재대로71길 13 1층,4.8
121,부산양곱창,서울 송파구 백제고분로7길 50-1 1층,3.8
122,바베네,서울 송파구 백제고분로41길 42-11 1층,4.0
123,카페온화 송파점,서울 송파구 백제고분로45길 15 2층,2.9
124,부농정육식당,서울 송파구 백제고분로28길 29,4.3
125,경양카츠송리단길점,서울 송파구 백제고분로45길 12,3.5
126,별미곱창 방이1호점,서울 송파구 오금로11길 14 1층,3.4
127,중화일상,서울 송파구 백제고분로 401 골재회관 1층,4.1
128,짬뽕지존 송파점,서울 송파구 오금로 152 1층,3.7
129,디어블라썸커피,서울 송파구 올림픽로12길 23 1층,4.2
130,군자대한곱창 방이직영점,"서울 송파구 오금로11길 12 1층 103,104호",3.4
131,토닭토닭,서울 송파구 백제고분로45길 38,3.4
132,골드참치,서울 송파구 오금로 125,3.7
133,그리지하우스,서울 송파구 백제고분로41길 43-17 1층,3.9
134,담은갈비,서울 송파구 삼전로 93 1층,3.9
135,기유,서울 송파구 오금로11길 51 1층 103호,3.9
136,송리단취향,서울 송파구 백제고분로45길 20 1층,2.4
137,버터램,서울 송파구 충민로 81-9 1층,4.5
138,모꼬지에,서울 송파구 송파대로36길 5-13 지하1층,2.6
139,홍태관,서울 송파구 백제고분로7길 16-9,3.7
140,천사곱창 신천점,서울 송파구 백제고분로7길 32-10,3.7
141,벽돌집,서울 송파구 중대로9길 36,4.7
142,사시미 신천본점,서울 송파구 백제고분로7길 24 1층,3.7
143,남경막국수 신천점,서울 송파구 백제고분로7길 52-29 101호,3.6
144,라쁘띠,서울 송파구 가락로11길 19,2.7
145,삼청각,서울 송파구 송이로 151,3.1
146,방이편백육분삼십 방이본점,서울 송파구 위례성대로16길 25 금양빌딩 1층,3.8
147,미타우동,서울 송파구 삼전로12길 4 1층 101호,3.8
148,뽕사부,서울 송파구 백제고분로 498 1층,3.5
149,인딕슬로우 송리단길점,서울 송파구 백제고분로45길 28,4.2
150,가배도 송파점,서울 송파구 백제고분로45길 6 은진빌딩 2층 201호,3.3
151,1987루프탑라운지 잠실점,서울 송파구 올림픽로32길 11 혜성빌딩 9층,2.0
152,천미미,서울 송파구 송파대로28길 20 세화빌딩 1층,4.2
153,라이언하트,서울 송파구 석촌호수로 284 현대레이크빌 상가동 지하1층 104호,4.4
154,조광201,서울 송파구 새말로8길 13 2층,4.2
155,이경진우렁쌈밥정식 오금점,서울 송파구 중대로 310 1층,3.3
156,장수식당,서울 송파구 삼전로 95,4.1
157,황산냉면,서울 송파구 가락로 257,4.1
158,빌즈 잠실,서울 송파구 올림픽로 300 롯데월드몰 1층,2.9
159,일도씨찜닭,서울 송파구 석촌호수로 258 아르누보팰리스 1층,2.9
160,큰손닭한마리 잠실새내본점,서울 송파구 백제고분로15길 59 1층,3.9
161,하늘이네장칼국수,서울 송파구 오금로53길 37,4.8
162,교대이층집 방이점,서울 송파구 오금로11길 30 전원빌딩 2층,3.6
163,광양불고기,서울 송파구 백제고분로39길 6,2.8
164,아시안테이블 직영본점,서울 송파구 삼전로 100 아카데미빌딩 2층,3.5
165,당산오돌 방이점,서울 송파구 양재대로71길 2-7,4.1
166,도쿄등심 잠실점,서울 송파구 올림픽로 269 롯데캐슬프라자 2층,3.4
167,흥부골숯불돼지왕갈비,서울 송파구 백제고분로33길 35,3.9
168,아웃백스테이크하우스 잠실점,서울 송파구 송파대로 466,4.0
169,골든타이,서울 송파구 위례성대로 66,4.0
170,사람사는고깃집 김일도 가락본점,서울 송파구 송파대로30길 25 1층,3.7
171,아낙네그루브,서울 송파구 백제고분로45길 15 5층,3.0
172,동경산책 석촌호수점,서울 송파구 백제고분로45길 15 1층,3.4
173,화삼육,서울 송파구 백제고분로28길 35 지하,4.7
174,해우리 잠실역점,서울 송파구 송파대로 562 웰리스타워 3층,3.4
175,모터시티 잠실점,서울 송파구 백제고분로45길 17-3 2층,3.9
176,홍팥집 오금점,서울 송파구 성내천로 77 1층,3.8
177,인기명 방이점,서울 송파구 오금로15길 7-12 1층,3.4
178,별미곱창 방이2호점,서울 송파구 올림픽로32길 22,2.8
179,왕게수산 잠실직영점,"서울 송파구 백제고분로 114 우남빌딩 1, 2층",2.6
180,일월고기,서울 송파구 오금로15길 7-16 2층,4.1
181,차이나플레인 문정점,서울 송파구 법원로 128 SK V1 GL 메트로시티 3층 B318~B320호,4.6
182,파오파오 새마을시장본점,서울 송파구 석촌호수로12길 22,3.8
183,어랑,서울 송파구 동남로2길 27,4.2
184,동경레스펍태,서울 송파구 올림픽로32길 30 1~2층,3.2
185,스시선 방이점,서울 송파구 올림픽로32길 37,4.5
186,도삭면공방,서울 송파구 백제고분로7길 8-12,4.2
187,동래별장,서울 송파구 올림픽로32길 18-11,3.6
188,요리하는남자,서울 송파구 백제고분로7길 27,3.6
189,빈체로 올림픽공원점,서울 송파구 위례성대로 68 1층 102호,3.8
190,제로베이커리 잠실점,서울 송파구 올림픽로 354 1층,3.7
191,고인돌,서울 송파구 가락로18길 4-1,4.3
192,징기스 신천점,서울 송파구 백제고분로7길 28-6 1층,3.3
193,1954무한등심 잠실점,서울 송파구 올림픽로35길 124 장미종합상가 A 1층 101호,2.8
194,소담촌 가락시장직영점,서울 송파구 송파대로28길 13 거북이빌딩 2층,4.4
195,사람사는고깃집 김일도 방이점,서울 송파구 올림픽로32길 21 1층,2.9
196,코메또히또,서울 송파구 송파대로49길 31 1층,3.5
197,이공족발 새내본점,서울 송파구 백제고분로9길 26,4.5
198,딹 진또배기,서울 송파구 중대로9길 51 부성빌딩,3.8
199,리얼파스타 잠실점,서울 송파구 가락로 139 2층,4.2
200,수작나베 석촌점,서울 송파구 석촌호수로 234 라품미빌딩 1층,4.2
201,동방명주,서울 송파구 백제고분로 2,3.7
202,대갈곱창&막창 송파점,서울 송파구 백제고분로45길 21-1,3.2
203,마라고메 방이점,서울 송파구 올림픽로32길 13,3.4
204,오공복이 서울문정점,서울 송파구 법원로11길 7 C-122호,4.3
205,홀짝집,서울 송파구 백제고분로7길 16-16 1층,3.4
206,등촌샤브칼국수 방이점,서울 송파구 올림픽로30길 10 1층,3.8
207,제이스아메리칸,서울 송파구 올림픽로35가길 9 1층 138호,4.2
208,화반 방이점,서울 송파구 오금로13길 8,4.9
209,커피바이,서울 송파구 백제고분로17길 56 2층,4.1
210,서두산딤섬만두 2호점,서울 송파구 올림픽로32길 18-23 2층,4.1
211,쿠우쿠우 송파하비오점,서울 송파구 송파대로 111 205동 201호,3.0
212,할머니추어탕 잠실점,서울 송파구 백제고분로 139 1층,4.0
213,스타벅스 석촌호수점,"서울 송파구 석촌호수로 262 지상 1, 2층",3.7
214,찌마기 송파문정점,서울 송파구 새말로 146-1 장지빌딩,3.9
215,나무수 잠실점,서울 송파구 올림픽로8길 7,4.5
216,크래프트아일랜드 잠실점,"서울 송파구 올림픽로35가길 10 더샵스타파크상가 114,115호",4.7
217,밀회관 방이점,서울 송파구 올림픽로32길 29 1층,4.1
218,이월로스터스 송파점,서울 송파구 백제고분로45길 14,3.9
219,마노디셰프 잠실점,서울 송파구 송파대로 570 타워730 지하 1층,3.4
220,풍천장어마을 즉석숯불구이,서울 송파구 송파대로 54,4.5
221,삼백집 잠실직영점,서울 송파구 석촌호수로 240,3.1
222,오스테리아세콘디,서울 송파구 백제고분로42길 4-9 1층,3.9
223,대성정육식당,서울 송파구 석촌호수로12길 1-6,3.4
224,연안부두 2호점,서울 송파구 오금로13길 11 1층,4.2
225,큐스시,서울 송파구 위례성대로22나길 23 1층,4.3
226,천수횟집,서울 송파구 석촌호수로12길 10 1층,4.5
227,코히루,서울 송파구 오금로 148 2층,4.4
228,이현스시,서울 송파구 백제고분로45길 13,4.1
229,마시찜 신천점,서울 송파구 백제고분로7길 32-8 1층,4.2
230,노아베이커리 잠실엘스점,서울 송파구 올림픽로 119 파인애플 상가 1층 A 18호,3.9
231,램플러스 신천점,서울 송파구 백제고분로9길 36 1층,3.5
232,사사노하,서울 송파구 백제고분로42길 4-13 1층,4.2
233,뜬금커피,서울 송파구 석촌호수로18길 6 2층,3.3
234,숙달돼지 잠실방이점,서울 송파구 오금로13길 10-1 1층,3.6
235,돈족골 본점,서울 송파구 삼학사로 66,3.7
236,모토쿠라시,서울 송파구 백제고분로41길 27 2층,4.0
237,평화곱창,서울 송파구 백제고분로41길 27 1층,3.2
238,닌자스시,서울 송파구 백제고분로9길 35 1층,3.3
239,오붓식당,서울 송파구 위례광장로 120 상가동 203호,3.8
240,소문난곱창,서울 송파구 거마로22길 33,3.7
241,진대감 가락점,서울 송파구 중대로9길 34 1층,3.7
242,또봄,서울 송파구 오금로18길 10 101호,4.0
243,정목누룽지백숙,서울 송파구 위례성대로12길 11,3.8
244,쭈꾸미도사 방이점,서울 송파구 올림픽로32길 22 1층,4.6
245,함흥본가면옥 문정점,서울 송파구 법원로 114 엠스테이트 D동 301호,3.7
246,현차이나,서울 송파구 백제고분로48길 8 2층,3.4
247,뽀로로파크 잠실롯데월드점,서울 송파구 올림픽로 240 롯데월드 내,4.2
248,효월,서울 송파구 오금로18길 6 1층,3.1
249,스시유메,서울 송파구 올림픽로32길 49,4.5
250,비샵레스토랑,서울 송파구 위례성대로 71 한성백제박물관 2층,2.3
251,오뗄드니엔테,서울 송파구 백제고분로45길 4-21,3.4
252,안재식당,서울 송파구 삼전로9길 5-2 1층 103호,3.8
253,미성양꼬치,서울 송파구 올림픽로32길 19-6,3.2
254,츠쿠모,서울 송파구 올림픽로32길 58 1층,4.0
255,완도산회 문정점,서울 송파구 문정로 29,3.2
256,주문진해물한상,서울 송파구 오금로19길 9,3.7
257,라오빠빠,서울 송파구 송이로17길 57 1층,4.7
258,카페 페퍼,서울 송파구 백제고분로45길 12 2층,4.3
259,다케오호르몬데판야끼 송리단길점,서울 송파구 백제고분로45길 8 1층,2.1
260,경복궁 방이점,서울 송파구 올림픽로 348 2~4층 전관,2.8
261,쭈꾸미도사 잠실새내점,서울 송파구 백제고분로7길 30 1층,4.6
262,통큰갈비 잠실신천점,서울 송파구 백제고분로7길 28-11 영동빌딩,3.2
263,철판구이300도씨 신천본점,서울 송파구 백제고분로7길 28-17,4.0
264,송도갈비 문정역점,서울 송파구 법원로 128 SKV1 GL메트로시티 A동 201호,2.5
265,카페드로잉,서울 송파구 송파대로 111 파크하비오 202동 1층 166~170호,1.5
266,시루나무 문정본점,서울 송파구 새말로 134,4.1
267,만옥당,서울 송파구 백제고분로45길 9 2층,3.3
268,잉클링,서울 송파구 양재대로60길 3-5 보우빌딩 1층,4.0
269,라화쿵부 개롱점,서울 송파구 오금로46길 20,4.1
270,완도산회 문정점,서울 송파구 문정로 29,3.2
271,주문진해물한상,서울 송파구 오금로19길 9,3.7
272,라오빠빠,서울 송파구 송이로17길 57 1층,4.7
273,카페 페퍼,서울 송파구 백제고분로45길 12 2층,4.3
274,다케오호르몬데판야끼 송리단길점,서울 송파구 백제고분로45길 8 1층,2.1
275,경복궁 방이점,서울 송파구 올림픽로 348 2~4층 전관,2.8
276,쭈꾸미도사 잠실새내점,서울 송파구 백제고분로7길 30 1층,4.6
277,통큰갈비 잠실신천점,서울 송파구 백제고분로7길 28-11 영동빌딩,3.2
278,철판구이300도씨 신천본점,서울 송파구 백제고분로7길 28-17,4.0
279,송도갈비 문정역점,서울 송파구 법원로 128 SKV1 GL메트로시티 A동 201호,2.5
280,카페드로잉,서울 송파구 송파대로 111 파크하비오 202동 1층 166~170호,1.5
281,시루나무 문정본점,서울 송파구 새말로 134,4.1
282,만옥당,서울 송파구 백제고분로45길 9 2층,3.3
283,잉클링,서울 송파구 양재대로60길 3-5 보우빌딩 1층,4.0
284,라화쿵부 개롱점,서울 송파구 오금로46길 20,4.1
285,삼광호수,서울 송파구 송파대로49길 58,2.2
286,니엔테,서울 송파구 백제고분로45길 40 2층,2.9
287,평창갈비 방이점,서울 송파구 위례성대로 98,2.3
288,내꾸미쭈꾸미 본점,서울 송파구 성내천로 106,3.6
289,젠,서울 송파구 오금로18길 8 1층 102호,3.6
290,문어세상해천탕 잠실본점,서울 송파구 오금로 169,3.3
291,신천생태,서울 송파구 올림픽로8길 32,3.8
292,피스인더커피,서울 송파구 석촌호수로 258,4.3
293,이낙근찹쌀떡베이커리 오금동본점,서울 송파구 중대로 316,3.0
294,인기명 문정점,"서울 송파구 법원로11길 7 현대지식산업센터 C동 151, 152호",2.8
295,파티세리도효,서울 송파구 백제고분로45길 21-1 2층,4.1
296,꽃낙지,서울 송파구 백제고분로19길 7 1층,4.7
297,천상애장어가 가락본점,서울 송파구 중대로 148,4.0
298,김태완스시 송파본점,서울 송파구 오금로 148,3.0
299,동촌보리밥돈까스 거여본점,서울 송파구 거마로 22,3.0
300,어사출또 잠실신천점,서울 송파구 올림픽로10길 19,4.2
301,머머,서울 송파구 삼학사로18길 5,3.1
302,삿포로참치 직영본점,서울 송파구 올림픽로32길 32,3.6
303,밀도 잠실점,서울 송파구 올림픽로 118 1층 4호,3.7
304,박군자진주냉면 본점,서울 송파구 위례순환로 472,3.0
305,라움파스타,서울 송파구 송파대로39길 1-8,4.1
306,개군할머니 토종순대국,서울 송파구 양재대로71길 16,4.3
307,송계옥,서울 송파구 올림픽로32길 38 1층,4.5
308,치즈룸X테이스팅룸 롯데월드몰점,서울 송파구 올림픽로 300 5층,3.4
309,송파아구찜,서울 송파구 오금로44길 50-22,3.7
310,화사랑화로구이,서울 송파구 오금로 162,2.8
311,코이라멘 방이점,서울 송파구 올림픽로34길 16 1층,4.0
312,테이크어샤워,서울 송파구 송파대로47길 1,3.5
313,용장어,서울 송파구 송파대로32길 15 가락금호아파트상가 1층 111호,3.0
314,제일제면소 올림픽공원점,서울 송파구 올림픽로 424,2.6
315,흥도식당,서울 송파구 법원로 114 지하1층 B동 155-1호,4.2
316,셰프의부엌,서울 송파구 가락로 259 1층,4.3
317,아우어베이커리 롯데백화점 잠실점,서울 송파구 올림픽로 240 지하 1층,3.7
318,비엔나커피하우스 가락시장점,서울 송파구 송파대로28길 13 거북이빌딩 1층,3.6
319,버드나무집,서울 송파구 동남로 309,3.7
320,글로리식당,서울 송파구 백제고분로42길 4-13,3.7
321,리프레쉬커피,서울 송파구 송이로30길 11,4.2
322,지인고기,서울 송파구 송파대로 167 문정테라타워 A동 지하1층 G183호,4.4
323,스타벅스 잠실역점,"서울 송파구 송파대로 562 한빛프라자 1,2층",3.6
324,맥도날드 송파잠실DT점(임시휴업중),서울 송파구 도곡로 434,3.1
325,프라자손칼국수,서울 송파구 동남로18길 40,3.9
326,팔레트커리,서울 송파구 백제고분로45길 25 1층,3.9
327,경성광장,서울 송파구 오금로16길 10-6 1층,3.8
328,남한산성 마천점,서울 송파구 마천로39길 5,4.0
329,파리크라상 올림픽공원키친점,서울 송파구 올림픽로 424 편익C동 1층,2.6
330,유천냉면 풍납본점,서울 송파구 강동대로3길 22,3.0
331,사브레,서울 송파구 송파대로46길 28,3.6
332,명서식당,서울 송파구 백제고분로7길 42-29 102호,4.8
333,진원조닭한마리 잠실신천점,서울 송파구 백제고분로7길 32-11 1층,4.2
334,양타령,서울 송파구 위례성대로 192 송산빌딩 1층,4.9
335,카페그리너티,서울 송파구 풍성로23길 17 1층,4.8
336,스타벅스 송파방이DT점,서울 송파구 오금로 241,3.4
337,스파이스랩,서울 송파구 가락로 148 1층 106호,4.6
338,롼스,서울 송파구 백제고분로43길 8 1층,3.9
339,옛날농장 방이점,서울 송파구 올림픽로32길 19-10,3.2
340,한성양꼬치,서울 송파구 중대로 134 부평빌딩 1층,2.7
341,링링샤브샤브,서울 송파구 백제고분로41길 45 2층,4.4
342,연탄부락 잠실새내점,서울 송파구 백제고분로9길 22 1층,4.8
343,홍종흔베이커리&케익부띠끄,서울 송파구 양재대로71길 8 1층,3.1
344,원조동대문닭한마리칼국수,서울 송파구 올림픽로30길 6,3.9
345,정라멘,서울 송파구 삼전로12길 7 1층,4.3
346,만주,서울 송파구 올림픽로32길 21 2층,2.0
347,피피샐러드,서울 송파구 송파대로49길 50 B동 203호,3.4
348,어부회수산,서울 송파구 백제고분로40길 25 1층,4.7
349,석촌옛터,서울 송파구 백제고분로41길 42,3.4
350,엔제리너스 석촌호수DI점,서울 송파구 석촌호수로 224 1층,3.7
351,스시153,서울 송파구 위례광장로 170 위례송파 힐스테이트 A동 2층 210호,4.5
352,스시준 잠실점,서울 송파구 올림픽로35다길 32 지하1층,3.0
353,김과장고깃집 신천점,서울 송파구 백제고분로7길 16-13 1층,4.8
354,삼방매,서울 송파구 백제고분로45길 23 1층 105호,3.6
355,빕스 올림픽공원점,서울 송파구 올림픽로 424 올림픽공원 만남의광장 A-2 동2문,3.4
356,스시랑랑,서울 송파구 오금로 144,4.1
357,가야촌유황오리,서울 송파구 오금로 533,3.3
358,일일양 석촌호수점,서울 송파구 송파대로49길 52 나인파크 A동 107호,4.5
359,아그라 잠실롯데에비뉴엘점,서울 송파구 올림픽로 300 에비뉴엘 6층,2.8
360,라치오,서울 송파구 동남로4길 20,3.9
361,홍대칼국수와족발 방이먹자골목점,서울 송파구 오금로15길 16 1층,3.4
362,화포식당 잠실점,서울 송파구 백제고분로 187 잠실파크인수 107호,3.6
363,논현삼계탕 송파점,서울 송파구 백제고분로 409,2.7
364,더맛있는족발보쌈 가락점,서울 송파구 양재대로62길 41 1층,4.0
365,오키나와블루 잠실점,서울 송파구 오금로17길 7,4.6
366,역전식당 신천직영점,서울 송파구 백제고분로9길 27,3.9
367,브루클린더버거조인트 롯데월드몰점,서울 송파구 올림픽로 300 3층,4.0
368,생생아구,서울 송파구 백제고분로7길 8-37,3.4
369,맥도날드 잠실역점,서울 송파구 송파대로 558,2.5
370,좋은생고기정육점식당 2호점,서울 송파구 오금로13길 9 석정빌딩 1층,3.6
371,씨젬므쥬르,서울 송파구 백제고분로41길 25 1층,3.6
372,우아한갈비,서울 송파구 오금로36길 65 마루빌딩 1층,4.3
373,79대포 방이점,서울 송파구 올림픽로32길 36 1층,3.3
374,가락수산회센터,서울 송파구 양재대로 932 가락몰 회센터 1층,3.0
375,포유티,서울 송파구 위례성대로18길 28-13 1층,4.0
376,진성한우곱창 잠실방이점,서울 송파구 올림픽로32길 19 1층,3.0
377,르쉬드서울,서울 송파구 위례성대로12길 18 1층 2호,4.0
378,오동나무집24시감자국 방이점,"서울 송파구 오금로11길 55 현대주상복합빌딩 1층 102, 103호",3.0
379,칠프로칠백식당 방이직영점,서울 송파구 올림픽로32길 42 1층,4.8
380,옛촌매운갈비찜,서울 송파구 올림픽로32길 24,3.5
381,나레초밥 신천점,서울 송파구 백제고분로7길 54 1층,2.8
382,빈티지1981,서울 송파구 석촌호수로 194 태호빌딩 2층,3.9
383,나폴레옹제과점 잠실점,서울 송파구 백제고분로 67,3.5
384,셜록홈즈 잠실2호점,서울 송파구 백제고분로7길 31 4층,4.6
385,조개창고,서울 송파구 올림픽로10길 13-1 3층,3.0
386,우설화 송파문정역점,"서울 송파구 법원로4길 5 송파법조타운 푸르지오시티 1층 120~124호, 2층 217~224호",4.0
387,우사기식당,서울 송파구 백제고분로40길 27 1층,3.4
388,옥돌현옥,서울 송파구 오금로36길 26-1,4.4
389,부산밀면,서울 송파구 가락로 43,3.8
390,드론이야기,서울 송파구 중대로 212,4.5
391,돼고파 본점,서울 송파구 백제고분로9길 51 1층,4.8
392,함평육회 본점,서울 송파구 올림픽로32길 22-19 1층,3.9
393,72420 송파직영점,서울 송파구 백제고분로45길 12,3.8
394,24시비사벌 전주콩나물국밥 송파점,서울 송파구 백제고분로 181,4.1
395,쿠치나디까사 문정점,"서울 송파구 송파대로 201 송파테라타워2 A동 1층 A-110,111호",2.3
396,통,서울 송파구 위례성대로18길 14,4.4
397,케키하우스,서울 송파구 백제고분로41길 35 2층,4.1
398,별미곱창 방이3호점,서울 송파구 오금로11길 14 1층,3.0
399,잠실황소곱창,서울 송파구 삼학사로19길 5,3.9
400,장털보설렁탕 본점,서울 송파구 중대로 288,3.2
401,오발탄 송파점,서울 송파구 위례성대로 206,3.6
402,몬스터핸드보드카페 방이점,서울 송파구 오금로13길 9 4층,3.2
403,빽돈 방이점,서울 송파구 올림픽로32길 29 유성빌딩 1층,4.5
404,냠냠물고기 루프탑라운지,서울 송파구 송이로 135 6층,4.0
405,사케쇼프,서울 송파구 오금로16길 12,3.2
406,연발탄숯불양대창구이,서울 송파구 오금로13길 10 1층,4.9
407,경미양꼬치,서울 송파구 올림픽로32길 18-21,4.7
408,스타벅스 문정역점,서울 송파구 송파대로 167,4.0
409,하남춘천골닭갈비,서울 송파구 오금로13길 12,4.1
410,카페마마스 잠실점,서울 송파구 올림픽로 269 롯데캐슬골드 1층,2.2
411,세이류,서울 송파구 올림픽로35가길 9,4.7
412,벌툰 잠실새내점,서울 송파구 백제고분로7길 27 반석빌딩 3층,4.1
413,미스터스시 가락시장점,서울 송파구 중대로 121 송파롯데캐슬파인힐 101-2호,3.0
414,당산오돌 잠실신천점,서울 송파구 백제고분로9길 31 1층,3.2
415,랜돌프비어,서울 송파구 백제고분로7길 58 2층,3.1
416,무교동유정낙지 잠실점,서울 송파구 백제고분로 89,3.3
417,개나리아구찜 송파점,서울 송파구 가락로 259 1층,4.3
418,백암왕순대,서울 송파구 위례성대로18길 27-6,3.9
419,비엔나커피하우스 송파사거리점,서울 송파구 가락로 114 신우빌딩 1층 102호,4.5
420,군자대한곱창 문정역점,"서울 송파구 법원로 114 엠스테이트 A동 1층 114,115호",3.1
421,맥도날드 석촌역점,서울 송파구 백제고분로 390,2.4
422,한림돈가 방이점,서울 송파구 오금로15길 4 1층,4.6
423,나주곰탕,서울 송파구 백제고분로 271,2.9
424,금바위감자탕 가락본점,서울 송파구 중대로 120,3.4
425,도키도키키친,서울 송파구 백제고분로41길 18 1층,4.8
426,굿바이브,서울 송파구 올림픽로32길 23 2층,2.6
427,삼촌네포차,서울 송파구 가락로 148,4.3
428,장원곱창,서울 송파구 올림픽로32길 9,3.3
429,유타로 가락점,서울 송파구 송파대로28길 24 밀리아나오피스텔 105호,3.7
430,설빙 석촌호수동호점,서울 송파구 석촌호수로 278 여흥레이크빌 1층,2.4
431,갯마을,서울 송파구 백제고분로34길 41,3.8
432,살롱드쥬,서울 송파구 위례성대로12길 4 1층,4.0
433,청담초밥 문정점,서울 송파구 법원로4길 5,2.4
434,수다감자탕,서울 송파구 백제고분로41길 16 1층,4.2
435,문가네정육식당,서울 송파구 새말로 125,4.3
436,투썸플레이스 잠실역점,서울 송파구 올림픽로35다길 32 예전빌딩1층,3.4
437,스타쉐프,서울 송파구 위례성대로 134 5층,3.9
438,옹고집꽃게장,서울 송파구 새말로 175,3.0
439,용호동낙지 방이점,서울 송파구 오금로11길 30 1층 101호,1.8
440,시그니엘서울 비채나,서울 송파구 올림픽로 300 81층,3.8
441,돈사돈 방이점,서울 송파구 올림픽로34길 20-1,3.8
442,신천무한리필,서울 송파구 백제고분로9길 53,3.2
443,라무진 잠실방이점,서울 송파구 오금로11길 11-8 108호,3.7
444,삽다리손칼국수,서울 송파구 올림픽로8길 23,3.7
445,지오커피 문정점,서울 송파구 새말로 97,2.3
446,스타벅스 송파개롱역점,서울 송파구 오금로 420,2.8
447,도토리편백집 문정법조단지점,서울 송파구 법원로 127 대명벨리온 1층 116호,2.3
448,서가앤쿡 서울잠실점,서울 송파구 석촌호수로 176 3층,3.7
449,스시다원,서울 송파구 삼전로12길 6 1층,3.2
